id,name
1,Anna
2,Badre
3,Barrie
4,Bennet
5,caitlin
6,camilla
7,Eddie
8,Edgard
9,Elaine
10,Paige
11,Ana2
12,Badre2
13,Barrie2
14,Bennet2
15,caitlin2
16,camila2
17,Eddie2
18,Edgard2
19,Elaine2
20,Paige2
21,Anna3
22,Badre3
23,Barrie3
24,Bennet3
25,caitlin3
26,camila3
27,Eddie3
28,Edgard3
29,Elaine3
30,Paige3
31,Anna4
32,Badre4
33,Barrie4
34,Bennet4
35,caitlin4
36,camila4
37,Eddie4
38,Edgard4
39,Elaine4
40,Aika
41,David
42,Arron
43,Harry
44,Victor
45,Brandon
46,Bruno
47,Anthony
48,Marcus
49,Ada
50,Mason
